{
  "/angle factor randomness": {
    "min": 0,
    "max": 1,
    "value": 0.675000011920929
  },
  "/grow factor": {
    "min": 0,
    "max": 1.5,
    "value": 0.75
  },
  "/levels": {
    "min": 1,
    "max": 14,
    "value": 14
  },
  "/position": {
    "min": 0,
    "max": 600,
    "value": 2
  },
  "/angle": {
    "min": 0,
    "max": 120,
    "value": 20.399999618530273
  },
  "/angle factor": {
    "min": 0,
    "max": 1.5,
    "value": 1.0425000190734863
  },
  "/size": {
    "min": 0,
    "max": 2,
    "value": 0.550000011920929
  },
  "/grow factor randomness": {
    "min": 0,
    "max": 1,
    "value": 0.3349999785423279
  },
  "/stroke weight": {
    "min": 0,
    "max": 5,
    "value": 1.0749999284744263
  },
  "/random seed": {
    "min": 0,
    "max": 200,
    "value": 93
  }
}